성분을 알면,|Know the ingredients.|了解成分，|成分を知ると、
상담이 명확해집니다.|Explain care with clarity.|咨询更清晰。|説明が明確に。
시오레의 주요 원료 12가지 · 성분별 역할을 한눈에|12 SIORÉ ingredients · Roles at a glance|SIORÉ 12种主要原料 · 一览成分作用|SIORÉの主要原料12種・役割を一覧で
시오레의 시그니처 원료|SIORÉ signature ingredient|SIORÉ标志性原料|SIORÉのシグネチャー原料
보습 · 피부 컨디셔닝|Hydration & skin conditioning|保湿及肌肤调理|保湿・整肌
항산화 · 광채 케어|Antioxidant & radiance care|抗氧化及光泽护理|抗酸化・ツヤケア
피부결 정돈 · 수렴|Texture care & astringency|纹理护理及收敛|きめを整える・収れん
수분 보유 · 보습|Water retention & hydration|锁水及保湿|水分保持・保湿
저분자 콜라겐 보충|Low-molecular collagen|低分子胶原蛋白|低分子コラーゲン補給
항산화 케어|Antioxidant care|抗氧化护理|抗酸化ケア
항산화 · 맑은 톤 케어|Antioxidant & tone care|抗氧化及肤色护理|抗酸化・トーンケア
항산화 · 항당화 연구|Antioxidant & anti-glycation research|抗氧化及抗糖化研究|抗酸化・抗糖化研究
진정 · 보습|Soothing & hydration|舒缓及保湿|整肌・保湿
보습 · 피부 유연화|Hydration & softness|保湿及柔肤|保湿・肌を柔らかく
피부 컨디셔닝|Skin conditioning|肌肤调理|整肌
ALPHA LIPOIC ACID · 티옥틱산|ALPHA LIPOIC ACID · THIOCTIC ACID|ALPHA LIPOIC ACID · 硫辛酸|ALPHA LIPOIC ACID・チオクト酸
세포 에너지 대사에 관여하는 NAD+의 전구체. 시오레가 성분 설계의 중심에 둔 원료입니다.|A precursor to NAD+, involved in cellular energy metabolism. A central ingredient in SIORÉ formulations.|参与细胞能量代谢的NAD+前体，是SIORÉ配方设计的核心原料。|細胞エネルギー代謝に関与するNAD+の前駆体。SIORÉの成分設計の中心となる原料。
연어 유래 DNA를 정제한 핵산 성분. 스킨케어에서 보습과 피부를 부드럽게 관리하는 목적으로 배합합니다.|Purified salmon-derived DNA. Used in skincare for hydration and skin softness.|精制鲑鱼来源DNA核酸成分，用于护肤中的保湿及柔肤。|サケ由来DNAを精製した核酸成分。保湿と肌を柔らかく整える目的で配合。
프랑스 해안송 껍질에서 얻은 폴리페놀 복합체. 항산화 특성을 바탕으로 광채·탄력 케어에 활용합니다.|A polyphenol complex from French maritime pine bark. Its antioxidant properties are used in radiance and firmness care.|来自法国海岸松树皮的多酚复合物，利用抗氧化特性进行光泽及弹力护理。|フランス海岸松樹皮由来のポリフェノール複合体。抗酸化特性をツヤ・ハリケアに活用。
탄닌과 플라보노이드를 함유한 식물 유래 원료. 수렴 특성을 활용해 피부결·피지 관리에 배합합니다.|Plant-derived ingredient with tannins and flavonoids. Used for its astringent properties in texture and sebum care.|含单宁及类黄酮的植物原料，利用收敛特性护理肌肤纹理及皮脂。|タンニンとフラボノイドを含む植物由来原料。収れん特性をきめ・皮脂ケアに活用。
물을 끌어당기고 붙잡는 보습 성분. 피부의 수분을 유지해 촉촉하고 부드럽게 가꿔줍니다.|A humectant that attracts and retains water to help keep skin hydrated and soft.|吸引并保持水分的保湿成分，帮助肌肤水润柔软。|水を引き寄せ保持する保湿成分。肌のうるおいを保ち柔らかく整えます。
이너뷰티에 사용하는 저분자 피쉬콜라겐펩타이드. 마시는 PDRN에 1포당 1,000mg을 담았습니다.|Low-molecular fish collagen peptides for inner beauty. Drinkable PDRN contains 1,000 mg per stick.|用于内在美容的低分子鱼胶原蛋白肽，口服PDRN每条含1,000 mg。|インナービューティー用の低分子フィッシュコラーゲンペプチド。飲むPDRNに1包1,000 mg配合。
수용성·지용성 양쪽에 친화성을 가진 항산화 성분. 산화로 인한 변화를 줄이는 목적으로 배합합니다.|An antioxidant with affinity for both water and oil, used to help limit oxidation-related changes.|兼具水溶性及脂溶性亲和力的抗氧化成分，用于减少氧化相关变化。|水・油の両方に親和性を持つ抗酸化成分。酸化による変化を抑える目的で配合。
세 가지 아미노산으로 이루어진 성분. 항산화 특성을 바탕으로 맑은 피부 톤 관리에 활용합니다.|Made of three amino acids. Antioxidant properties are used in skin-tone care.|由三种氨基酸组成，利用抗氧化特性进行肤色护理。|3つのアミノ酸からなる成分。抗酸化特性を肌のトーンケアに活用。
두 가지 아미노산으로 이루어진 성분. 당이 단백질에 달라붙는 당화 반응을 억제하는 특성이 연구됩니다.|Made of two amino acids. Studied for properties that inhibit glycation, the binding of sugars to proteins.|由两种氨基酸组成，研究其抑制糖与蛋白质结合的糖化反应特性。|2つのアミノ酸からなる成分。糖がタンパク質に結びつく糖化反応を抑える特性が研究されています。
마데카소사이드 등 지표성분을 함유한 식물 추출물. 예민해진 피부의 진정과 보습 관리에 활용합니다.|Plant extract containing marker compounds such as madecassoside. Used for soothing and hydrating sensitive skin.|含羟基积雪草苷等标志成分的植物提取物，用于敏感肌舒缓及保湿。|マデカッソシドなどの指標成分を含む植物エキス。敏感な肌の整肌・保湿に活用。
프로비타민 B5 성분. 수분을 붙잡아 건조한 피부를 촉촉하고 부드럽게 관리하는 데 사용합니다.|Provitamin B5. Retains moisture to help keep dry skin hydrated and soft.|维生素B5前体，帮助锁水，让干燥肌肤水润柔软。|プロビタミンB5。水分を保持し、乾燥肌をうるおいのある柔らかな状態に整えます。
아미노산이 짧게 이어진 사슬 형태의 성분. 피부를 좋은 상태로 유지하는 데 사용하며 종류마다 특성이 다릅니다.|Short chains of amino acids used for skin conditioning. Properties differ by peptide type.|由氨基酸连接成的短链，用于肌肤调理，不同种类特性各异。|アミノ酸が短く連なった成分。整肌に用い、種類により特性が異なります。
원료의 일반적 특성에 대한 설명입니다. 배합·함량과 완제품 시험 결과는 제품별로 다릅니다.|General ingredient properties. Formulations, amounts and finished-product test results vary by product.|以上为原料一般特性，配方、含量及成品测试结果因产品而异。|原料の一般的特性です。配合・含有量・製品試験結果は製品ごとに異なります。
시오레 교육자료 기반 ·|Based on SIORÉ training materials ·|依据SIORÉ培训资料 ·|SIORÉ教育資料に基づく・
히알루론산 참고: COSMILE Europe ↗|Hyaluronic acid: COSMILE Europe ↗|透明质酸参考：COSMILE Europe ↗|ヒアルロン酸参考：COSMILE Europe ↗
논코메도제닉: 리페어 앰플·컴포트 크림에 한함. 인증서 표시 제품: NMN 인텐시브 세럼. 시험 결과는 해당 시험 조건에 한하며 개인차가 있습니다.|Non-comedogenic evidence here applies to Repair Ampoule and Comfort Cream. The certificate shown is for NMN Intensive Serum. Results apply to the tested conditions; individual results vary.|此处非致痘依据限于修护安瓶及舒适面霜。所示证书对应NMN密集精华。结果限于测试条件，存在个体差异。|この資料のノンコメドジェニック試験はリペアアンプル・コンフォートクリームが対象。証明書はNMNインテンシブセラム。結果は試験条件に限り個人差があります。
PDRN 함량|PDRN content|PDRN含量|PDRN含有量
시험성적서|Test report|检测报告|試験成績書
PDRN 함량 시험성적서|PDRN content test report|PDRN含量检测报告|PDRN含有量試験成績書
공식몰 공개 자료|Official store material|官方商城公开资料|公式ストア公開資料
크게 보기 ↗|Enlarge ↗|放大查看 ↗|拡大 ↗
공식몰에 공개된 시험성적서 이미지입니다. 함유량은 제조 시기나 환경에 따라 차이가 있을 수 있습니다.|Test report published by the official store. Content may vary with production timing and conditions.|官方商城公开的检测报告，含量可能因生产时间及环境而异。|公式ストア公開の試験成績書。含有量は製造時期・環境により異なる場合があります。
분석기관: 한국기능식품연구원 · 성적서 발급일: 2026.04.02|Laboratory: Korea Health Supplement Institute · Report: 2026.04.02|分析机构：韩国功能食品研究院 · 报告日期：2026.04.02|分析機関：韓国機能食品研究院・発行日：2026.04.02
얼굴 부위별 탄력·주름 지표 ↗|Firmness & wrinkle measures by facial area ↗|面部各部位弹力及皱纹指标 ↗|顔の部位別ハリ・シワ指標 ↗
NMN · 얼굴 부위별 탄력·주름 지표|NMN · Facial firmness & wrinkle measures|NMN · 面部弹力及皱纹指标|NMN・顔の部位別ハリ・シワ指標
병행 사용 사진 보기 ↗|View combined-use photos ↗|查看搭配使用图片 ↗|併用写真を見る ↗
전체 SKU · 더보기|All products · More|全部产品 · 更多|全製品・詳細
SNS 갤러리 · 더보기|Social gallery · More|SNS展示 · 更多|SNSギャラリー・詳細
피부 고민 하나에서,|One skin concern.|从一个肌肤困扰，|ひとつの肌悩みから、
3종 케어 루틴으로.|A three-step routine.|到三步护理。|3品のケアルーティンへ。
고객에게는 관리 순서를, 약국에는 함께 권할 이유를.|Clear steps for customers, a coherent routine for pharmacists.|为顾客提供护理顺序，为药师提供组合建议。|お客様にはケアの順番を、薬局には組み合わせの理由を。
피부 니즈에 맞는 기본 3종 구성이 단품 상담을 루틴 제안으로 넓혀줍니다.|Three products matched to skin needs turn individual recommendations into a routine.|按肌肤需求搭配三件产品，将单品咨询扩展为日常护理。|肌のニーズに合う基本3品で、単品相談からルーティン提案へ。
기본 3종 구성, 소비자가 합계 10.6만~12.6만원|3-product sets · Korean retail total KRW 106,000–126,000|三件组合 · 韩国零售价合计106,000–126,000韩元|基本3品・韓国小売合計106,000～126,000 KRW
제품마다 역할이 있는 구성으로, 고객이 이해할 수 있는 객단가를 제안합니다.|Each product has a clear role in the recommended routine.|每款产品各有作用，帮助顾客理解组合。|各製品の役割が明確な、納得できる組み合わせを提案。
피부 고민별 상담 흐름 보기 ↗|Explore care by skin concern ↗|查看肌肤困扰咨询流程 ↗|肌悩み別の相談フロー ↗
위 구성과 금액은 개별 제품 소비자가를 합산한 제안 예시이며, 실제 판매가격·객단가 실적을 의미하지 않습니다. 피부 상태·기존 사용 제품에 맞춰 구성을 조정합니다.|Illustrative sets and sums of individual retail prices, not actual sales results. Adjust to skin condition and existing products.|组合及金额为各产品零售价合计示例，并非实际销售价格或业绩。请按肌肤状态及现用产品调整。|構成と金額は個別小売価格の合算例で、実売価格・実績ではありません。肌状態・使用中の製品に合わせて調整。
시술 후에는 시술기관이 안내한 사용 시점과 주의사항을 따릅니다. 각 구성은 화장품 케어 제안이며 질환 치료를 의미하지 않습니다.|After a procedure, follow your provider's timing and precautions. These are cosmetic routines, not treatments for disease.|术后请遵循施术机构的使用时间及注意事项。以上为化妆品护理建议，并非疾病治疗。|施術後は施術機関の使用時期・注意事項に従ってください。化粧品ケアの提案であり、疾病治療ではありません。
탄력 · 잔주름 · 건조|Firmness · Fine lines · Dryness|弹力 · 细纹 · 干燥|ハリ・小ジワ・乾燥
민감해진 피부 · 보습장벽|Sensitive skin · Moisture barrier|敏感肌 · 保湿屏障|敏感な肌・保湿バリア
피지 · 번들거림 · 보습|Sebum · Shine · Moisture|皮脂 · 油光 · 保湿|皮脂・テカリ・保湿
열감 고민 · 진정 · 수분|Heat concerns · Soothing · Hydration|热感困扰 · 舒缓 · 补水|熱感・整肌・水分
탄력도, 보습도 함께 챙기고 싶어요.|I want firmness and moisture together.|我想同时兼顾弹力和保湿。|ハリも保湿も一緒にケアしたい。
예민해진 피부를 편안하게 관리하고 싶어요.|I want gentle care for sensitive skin.|我想舒适护理敏感肌肤。|敏感な肌を心地よくケアしたい。
번들거려도 보습은 놓치고 싶지 않아요.|I want moisture without excess shine.|即使出油也不想忽略保湿。|テカリがあっても保湿は大切にしたい。
달아오르고 건조한 피부를 진정시키고 싶어요.|I want to soothe hot, dry-feeling skin.|我想舒缓发热干燥的肌肤。|ほてって乾燥した肌を整えたい。
수분·광채 바탕|Hydration & radiance base|水润光泽打底|うるおい・ツヤの土台
탄력 집중 케어|Focused firmness care|弹力集中护理|ハリ集中ケア
농밀한 보습 마무리|Rich moisture finish|丰润保湿收尾|濃密保湿の仕上げ
순한 수분 케어|Gentle hydration|温和补水|やさしい水分ケア
진정·보습장벽 케어|Soothing & barrier care|舒缓屏障护理|整肌・保湿バリアケア
보습 마무리|Moisture finish|保湿收尾|保湿の仕上げ
부드러운 세정|Gentle cleansing|温和清洁|やさしい洗浄
피지·피부 밸런스|Sebum & skin balance|皮脂及肌肤平衡|皮脂・肌バランス
산뜻한 보습|Light hydration|清爽保湿|さっぱり保湿
수분 바탕|Hydration base|补水打底|水分の土台
쿨링·진정 케어|Cooling & soothing|清凉舒缓|クーリング・整肌ケア
가벼운 보습 마무리|Light moisture finish|轻盈保湿收尾|軽い保湿の仕上げ
토너 → 세럼 → 크림으로 이어지는 NMN 케어|NMN care: toner → serum → cream|NMN护理：化妆水→精华→面霜|NMNケア：トナー→セラム→クリーム
수분 공급부터 보습 마무리까지 릴리프 케어|Relief care from hydration to moisture finish|从补水到保湿收尾的Relief护理|水分補給から保湿仕上げまでリリーフケア
세정 → 앰플 → 크림의 단계별 피부 밸런스 케어|Balanced care: cleanse → ampoule → cream|平衡护理：洁面→安瓶→面霜|バランスケア：洗浄→アンプル→クリーム
수딩젤을 중심으로 수분·보습을 연결하는 케어|Hydration and moisture care centred on Soothing Gel|以舒缓凝胶为核心的补水保湿护理|スージングジェルを中心に水分・保湿をつなぐケア
