15 g × 15포|15 g × 15 sticks|15 g × 15条|15 g × 15包
1포당 함량|Per stick|每条含量|1包あたり
4주 사용 후|After 4 weeks|使用4周后|4週間使用後
2주 사용 후|After 2 weeks|使用2周后|2週間使用後
사용 24시간 후|24 hours after use|使用24小时后|使用24時間後
인체적용시험 기준|Human study|人体测试依据|ヒト試験に基づく
인체적용시험 결과|Human study results|人体测试结果|ヒト試験結果
적합|Suitable|适合|適合
논코메도제닉 판정|Non-comedogenic test|非致痘测试|ノンコメドジェニック試験
여드름성 피부 사용 적합|Suitable for acne-prone skin|适合痘痘肌使用|ニキビができやすい肌に適合
사진 연계|Photo evidence|对应图片|写真対応
사진 연계 ·|Photo evidence ·|对应图片 ·|写真対応・
세럼 + 리치크림 병행|Serum + Rich Cream together|精华＋滋润面霜搭配使用|セラム＋リッチクリーム併用
세럼 + 리치크림 병행 · 사진 연계|Serum + Rich Cream · Photo evidence|精华＋滋润面霜 · 对应图片|セラム＋リッチクリーム・写真対応
제품 · 주요성분|Product & ingredients|产品及主要成分|製品・主要成分
제품 설명|Product details|产品说明|製品説明
임상 근거|Study evidence|测试依据|試験エビデンス
제품 표시사항|Product information|产品标示|製品表示情報
자극지수 0.00|Irritation index 0.00|刺激指数0.00|刺激指数0.00
피부 자극지수 0.00|Skin irritation index 0.00|皮肤刺激指数0.00|皮膚刺激指数0.00
시험 결과는 해당 조건에 한하며 개인차가 있습니다.|Results apply to the tested conditions. Individual results vary.|结果限于对应测试条件，存在个体差异。|結果は試験条件に限り、個人差があります。
공식몰 원문 ↗|Official source ↗|官方原文 ↗|公式原文 ↗
사진을 누르면 크게 볼 수 있습니다.|Tap the image to enlarge.|点击图片放大查看。|画像をタップして拡大。
첨부 영업자료 원본 · 시험 결과는 해당 제품과 시험 조건에 한하며 개인차가 있습니다.|Original sales material. Results apply to the tested product and conditions; individual results vary.|销售资料原件。结果限于对应产品和测试条件，存在个体差异。|営業資料原本。結果は該当製品・試験条件に限り、個人差があります。
NMN 하이드로 캡슐|NMN Hydro Capsule|NMN 水润胶囊|NMNハイドロカプセル
클렌징 밀크|Cleansing Milk|洁面乳|クレンジングミルク
NMN 딥 글로우 리치크림|NMN Deep Glow Rich Cream|NMN 深润光泽面霜|NMNディープグロウリッチクリーム
딥 글로우 리치크림|Deep Glow Rich Cream|深润光泽面霜|ディープグロウリッチクリーム
인텐시브 세럼|Intensive Serum|密集精华|インテンシブセラム
하이드레이팅 수딩크림|Hydrating Soothing Cream|水润舒缓面霜|ハイドレーティングスージングクリーム
에센스 토너|Essence Toner|精华水|エッセンストナー
리페어 앰플|Repair Ampoule|修护安瓶|リペアアンプル
컴포트 크림|Comfort Cream|舒适保湿面霜|コンフォートクリーム
세라마이드|Ceramide|神经酰胺|セラミド
레스베라트롤|Resveratrol|白藜芦醇|レスベラトロール
밀싹추출물|Wheat Sprout Extract|小麦芽提取物|コムギ芽エキス
피쉬콜라겐|Fish Collagen|鱼胶原蛋白|フィッシュコラーゲン
피쉬콜라겐 1,000 mg|Fish Collagen 1,000 mg|鱼胶原蛋白1,000 mg|フィッシュコラーゲン1,000 mg
병풀추출분말|Centella Extract Powder|积雪草提取粉|ツボクサエキス粉末
병풀추출분말 100 mg|Centella Extract Powder 100 mg|积雪草提取粉100 mg|ツボクサエキス粉末100 mg
감나무잎수 85%|85% Persimmon Leaf Water|85%柿叶水|カキ葉水85%
메이크업 잔여감|Makeup residue|残留彩妆|メイク残り
미세먼지 세정|Fine-dust cleansing|细微粉尘清洁|微細粉塵の洗浄
세안 직후 건조|Post-cleansing dryness|洁面后干燥|洗顔後の乾燥
칙칙한 피부|Dull-looking skin|暗沉肌肤|くすみが気になる肌
눈가·입가 주름|Eye & mouth wrinkles|眼周及嘴角细纹|目元・口元のシワ
푸석한 피부|Dry, lacklustre skin|干燥无光泽肌肤|乾燥してツヤのない肌
잔주름·탄력이 고민이라면|For fine lines & firmness|关注细纹及弹力|小ジワ・ハリが気になる方へ
가볍게, 오래 보습하고 싶다면|Lightweight, lasting moisture|轻盈持久保湿|軽やかに、長くうるおしたい方へ
하루 종일 건조|All-day dryness|全天干燥|一日中の乾燥
데일리 보습|Daily hydration|日常保湿|毎日の保湿
깊은 주름·건조가 고민이라면|For wrinkles & dryness|关注皱纹及干燥|シワ・乾燥が気になる方へ
농밀한 보습 선호|Rich moisture|偏好丰润保湿|濃密な保湿
나이트 케어|Night care|夜间护理|ナイトケア
순한 토너부터 찾는다면|Start with a gentle toner|从温和化妆水开始|やさしいトナーをお探しの方へ
성분에 민감한 고객|Ingredient-conscious customers|注重成分的人群|成分を重視する方
부드러운 첫 보습|Gentle first-step hydration|温和第一步保湿|やさしい最初の保湿
피지·여드름성 피부가 고민이라면|For oily, acne-prone skin|关注油脂及痘痘肌|皮脂・ニキビができやすい肌に
번들거리는 피부|Oily-looking skin|易出油肌肤|テカリが気になる肌
장벽 케어 관심|Barrier care|屏障护理|バリアケア
붉어지는 피부|Redness-prone skin|易泛红肌肤|赤みが気になる肌
가벼운 젤 선호|Light gel texture|偏好轻盈凝胶|軽いジェルが好みの方
여드름성 피부의 보습을 찾는다면|Moisture for acne-prone skin|痘痘肌保湿|ニキビができやすい肌の保湿に
번들거림 고민|Excess shine|油光困扰|テカリの悩み
산뜻한 크림 선호|Light cream finish|偏好清爽面霜|さっぱりしたクリーム
바르는 케어 병행|Alongside topical care|搭配外用护理|塗るケアと一緒に
간편한 한 포 선호|Convenient daily stick|便捷每日一条|手軽な1包
입가주름 감소|Mouth wrinkle reduction|嘴角皱纹减少|口元のシワ減少
팔자주름 감소|Nasolabial fold reduction|法令纹减少|ほうれい線減少
피부 겉탄력 증가|Surface firmness increase|皮肤表层弹力增加|肌表面のハリ増加
즉각 보습량(겉수분)|Immediate surface hydration|即时表层保湿|即時保湿量（表面水分）
피부 수분량 (직후)|Skin hydration (immediate)|肌肤水分（即时）|肌水分量（直後）
24시간 보습 지속력|24-hour moisture retention|24小时保湿持续力|24時間保湿持続力
피지 분비량 감소|Sebum reduction|皮脂分泌减少|皮脂分泌量の減少
가온 피부 온도 감소|Heated-skin temperature decrease|加温后皮肤温度下降|加温した皮膚の温度低下
가온 후 대비 · 1회 사용 직후|Versus heated skin · Immediately after one use|与加温后相比 · 使用1次后即刻|加温後との比較・1回使用直後
피부 각질 개선|Flaking improvement|皮肤角质改善|肌の角質改善
경피수분손실 감소|Transepidermal water loss reduction|经皮水分流失减少|経皮水分蒸散量の減少
즉각적 보습량 증가|Immediate hydration increase|即时保湿量增加|即時保湿量の増加
미세먼지 세정 전·후 · 1회 사용 직후|Fine-dust cleansing · Before / after one use|细微粉尘清洁 · 使用1次前后|微細粉塵洗浄・1回使用前後
피부 광채 전·후 · 1회 사용 직후|Radiance · Before / after one use|肌肤光泽 · 使用1次前后|肌のツヤ・1回使用前後
피부 광채 전·후 · 리치크림 병행, 1회 사용 직후|Radiance · Before / after one use with Rich Cream|肌肤光泽 · 搭配滋润面霜使用1次前后|肌のツヤ・リッチクリーム併用1回使用前後
즉각 보습량 전·후 · 1회 사용 직후|Immediate hydration · Before / after one use|即时保湿 · 使用1次前后|即時保湿・1回使用前後
피부 수분량 전·후 · 4주 사용 후|Hydration · Before / after 4 weeks|肌肤水分 · 使用4周前后|肌水分量・4週間使用前後
피부 수분량 전·후 · 1회 사용 직후|Hydration · Before / after one use|肌肤水分 · 使用1次前后|肌水分量・1回使用前後
피부 장벽 개선 전·후 · 2주 사용 후|Skin barrier · Before / after 2 weeks|肌肤屏障 · 使用2周前后|肌バリア・2週間使用前後
피부 온도 전·후 · 가온 후 / 1회 사용 직후|Skin temperature · After heating / after one use|皮肤温度 · 加温后／使用1次后即刻|皮膚温度・加温後／1回使用直後
즉각적 보습량 증가 전·후 · 1회 사용 직후|Immediate hydration · Before / after one use|即时保湿增加 · 使用1次前后|即時保湿量増加・1回使用前後
세럼 + 리치크림 · 1회 사용 직후|Serum + Rich Cream · Immediately after one use|精华＋滋润面霜 · 使用1次后即刻|セラム＋リッチクリーム・1回使用直後
메이크업과 미세먼지까지 한 번에 씻어내는 클렌징 밀크|Cleansing milk for makeup and fine dust.|清洁彩妆及细微粉尘的洁面乳。|メイクと微細粉塵を洗い流すクレンジングミルク。
캡슐이 톡톡 터지는 밀크 제형 · 세안 후 당김이 덜한 마무리|Bursting capsules in a milk texture; a comfortable finish.|胶囊轻轻爆开的乳液质地，洁后舒适。|カプセルが弾けるミルク。洗顔後も心地よい仕上がり。
액티브 NMN 1%(10,000ppm)를 담은 버블 타입 토너|Bubble toner with 1% NMN (10,000 ppm).|含1% NMN（10,000 ppm）的泡泡化妆水。|NMN 1%（10,000 ppm）配合のバブルトナー。
펴 바르면 사라지는 버블 제형 · 다음 단계 흡수를 돕는 마무리|Bubbles melt on application to prepare skin for the next step.|涂抹即融的泡泡，为后续护理打底。|塗り広げると消える泡で、次のケアの準備に。
탄력·주름·톤을 동시에 끌어올리는 광채 조명 리프팅 세럼|Radiance serum for firmness, wrinkles and skin tone.|针对弹力、皱纹及肤色的光泽精华。|ハリ・シワ・肌のトーンをケアするツヤセラム。
오일과 워터의 장점만 합친 하이브리드 에멀전 · #쫀쫀탄력 #유리광채 #집중케어|Hybrid oil-and-water emulsion for firmness and radiance.|结合油与水优势的混合乳液，护理弹力与光泽。|オイルと水の長所を合わせた、ハリ・ツヤケアのエマルジョン。
바르고 24시간까지 수분을 붙잡아 두는 데일리 수딩 크림|Daily soothing cream with moisture retention tested at 24 hours.|经过24小时保湿持续测试的日常舒缓面霜。|使用24時間後の保湿持続を試験したデイリースージングクリーム。
가볍게 밀착되는 수딩 크림 제형 · 산뜻하게 마무리되는 사용감|Lightweight soothing cream with a fresh finish.|轻盈贴肤的舒缓面霜，清爽收尾。|軽くなじみ、さっぱり仕上がるスージングクリーム。
주름·치밀도·광채를 한 번에 보는 NMN 라인의 최상위 크림|Rich NMN cream for wrinkles, skin density and radiance.|针对皱纹、肌肤紧密度及光泽的丰润NMN面霜。|シワ・肌密度・ツヤをケアする濃密なNMNクリーム。
농밀하게 감싸는 리치 제형 · 밤에는 두껍게 올려 수면팩처럼|Rich, enveloping texture; apply generously for night care.|丰润包裹质地，夜间可厚涂护理。|濃密に包み込む質感。夜はたっぷり塗ってケア。
제주 감나무잎수 85%, 자극지수 0.00의 순한 진정 토너|Gentle toner with 85% Jeju persimmon leaf water; irritation index 0.00.|85%济州柿叶水温和化妆水，刺激指数0.00。|済州カキ葉水85%配合。刺激指数0.00のやさしいトナー。
물처럼 흡수되는 순수 토너 제형 · 정제수 대신 제주 감나무잎수 85%|Water-light toner with 85% Jeju persimmon leaf water.|水感轻盈质地，85%济州柿叶水代替纯净水。|水のように軽い質感。精製水の代わりに済州カキ葉水85%。
여드름성 피부에도 쓸 수 있는(논코메도제닉) 회복 집중 앰플|Repair ampoule tested for acne-prone skin (non-comedogenic).|适合痘痘肌的修护安瓶，完成非致痘测试。|ニキビができやすい肌への適合性を試験したリペアアンプル。
실키하게 코팅되는 앰플 제형 · 진정, 보습장벽, 회복 3단계 설계|Silky ampoule for soothing, moisture barrier and repair care.|丝滑安瓶，针对舒缓、保湿屏障及修护护理。|シルキーな質感で整肌・保湿バリア・リペアケア。
진정·보습에 각질 케어까지 되는 멀티 수딩 젤|Multi-care gel for soothing, hydration and flaking.|兼顾舒缓、保湿及角质护理的凝胶。|整肌・保湿・角質ケアのマルチスージングジェル。
산뜻하게 스며드는 투명 젤 제형 · 밤에는 두껍게 올려 슬리핑팩으로|Fresh clear gel; apply generously as an overnight pack.|清爽透明凝胶，夜间可厚涂作睡眠面膜。|さっぱりした透明ジェル。夜は厚めに塗ってパックにも。
여드름성 피부에도 사용 적합(논코메도제닉) 판정을 받은 진정 크림|Soothing cream tested for acne-prone skin (non-comedogenic).|适合痘痘肌的舒缓面霜，完成非致痘测试。|ニキビができやすい肌への適合性を試験した整肌クリーム。
순백의 가벼운 크림 제형 · 유분감 없이 마무리되는 사용감|Light white cream with a non-greasy finish.|轻盈白色面霜，清爽不油腻。|軽い白色クリーム。べたつきにくい仕上がり。
PDRN·콜라겐·NMN·병풀을 한 포에.|PDRN, collagen, NMN and centella in one stick.|一条含PDRN、胶原蛋白、NMN及积雪草。|PDRN・コラーゲン・NMN・ツボクサを1包に。
스틱형 액상 · 달콤한 적포도 맛으로 물 없이 섭취|Liquid stick with sweet red-grape flavour; no water needed.|甜红葡萄味液体条包，无需配水。|甘い赤ブドウ味の液体スティック。水なしで摂取。
캡슐이 터지는 밀크 제형|Milk with bursting capsules|爆珠胶囊乳液质地|カプセルが弾けるミルク
부드럽게 마사지하며 세정하고 세안 후 당김을 줄이도록 설계했습니다.|Designed for gentle massage cleansing and less tightness afterwards.|温柔按摩清洁，减少洁后紧绷感。|やさしくマッサージして洗浄し、洗顔後のつっぱりを抑える設計。
세정력을 수치로 확인|Cleansing performance measured|清洁效果实测|洗浄力を数値で確認
메이크업·노폐물·미세먼지 세정 효과를 1회 사용 직후 측정했습니다.|Makeup, impurity and fine-dust cleansing measured immediately after one use.|使用1次后即刻测量彩妆、污垢及细微粉尘清洁效果。|1回使用直後にメイク・汚れ・微細粉塵の洗浄効果を測定。
저자극·논코메도제닉 시험|Irritation & non-comedogenic tests|低刺激及非致痘测试|低刺激・ノンコメドジェニック試験
피부 자극지수 0.00과 여드름성 피부 사용 적합 판정을 확인했습니다.|Skin irritation index 0.00; tested as suitable for acne-prone skin.|皮肤刺激指数0.00，测试结果适合痘痘肌。|皮膚刺激指数0.00。ニキビができやすい肌への適合性を確認。
라인의 시그니처 성분을 토너 단계에 담았습니다.|The line's signature ingredient at the toner step.|在化妆水步骤加入系列标志性成分。|ラインのシグネチャー成分をトナーのステップに。
수분과 광채를 함께|Hydration & radiance|水润与光泽|うるおいとツヤ
1회 사용 직후 수분량과 광채 개선 수치를 확인했습니다.|Hydration and radiance improvements measured after one use.|使用1次后即刻测得水分及光泽改善。|1回使用直後に水分量とツヤの改善を確認。
부드러운 버블 제형|Soft bubble texture|柔软泡泡质地|やわらかな泡の質感
세안 후 피부결을 정돈하고 다음 단계 케어로 이어지는 토너입니다.|Refines skin texture after cleansing and prepares for the next step.|洁面后整理肌肤纹理，衔接后续护理。|洗顔後のきめを整え、次のケアにつなぐトナー。
하이브리드 에멀전|Hybrid emulsion|混合乳液|ハイブリッドエマルジョン
오일과 워터의 장점을 결합한 밀착감 있는 텍스처입니다.|A close-fitting texture combining oil and water benefits.|结合油与水优势的贴肤质地。|オイルと水の長所を合わせた密着感のある質感。
99% 고순도 NMN 원료를 사용한 집중 케어 세럼입니다.|Intensive-care serum using 99%-purity NMN raw material.|使用99%高纯度NMN原料的密集护理精华。|純度99%のNMN原料を使用した集中ケアセラム。
리치크림 병행 시험|Tested with Rich Cream|搭配滋润面霜测试|リッチクリーム併用試験
광채 564.64% 개선은 리치크림을 함께 사용한 조건의 결과입니다.|The 564.64% radiance improvement was measured with Rich Cream used together.|光泽改善564.64%为搭配滋润面霜使用条件下的结果。|ツヤ564.64%改善はリッチクリーム併用条件での結果です。
24시간 보습 시험|24-hour hydration test|24小时保湿测试|24時間保湿試験
사용 24시간 후 수분 유지 지표를 확인했습니다.|Moisture retention measured 24 hours after use.|使用24小时后测量保湿指标。|使用24時間後の水分保持指標を確認。
세라마이드와 병풀|Ceramide & centella|神经酰胺及积雪草|セラミドとツボクサ
보습과 피부 컨디셔닝 성분을 함께 담았습니다.|Combines moisturising and skin-conditioning ingredients.|结合保湿及肌肤调理成分。|保湿成分と整肌成分を配合。
가벼운 데일리 크림|Light daily cream|轻盈日常面霜|軽いデイリークリーム
산뜻한 마무리를 원하는 일상 보습 케어에 적합한 제형입니다.|A daily moisturiser for those who prefer a fresh finish.|适合偏好清爽收尾的日常保湿护理。|さっぱりした仕上がりを好む方の毎日の保湿に。
주름·보습 집중 케어|Wrinkle & moisture care|皱纹及保湿护理|シワ・保湿集中ケア
4주 사용 후 팔자주름·입가주름·수분량 변화를 확인했습니다.|Nasolabial folds, mouth wrinkles and hydration assessed after 4 weeks.|使用4周后评估法令纹、嘴角皱纹及水分变化。|4週間使用後にほうれい線・口元のシワ・水分量の変化を確認。
세럼과 함께하는 광채 케어|Radiance care with serum|搭配精华的光泽护理|セラムと合わせるツヤケア
세럼과 리치크림을 병행 사용한 시험에서, 1회 사용 직후 피부 광채 564.64% 개선이 확인됐습니다.|In the combined serum and Rich Cream test, radiance improved 564.64% immediately after one use.|精华与滋润面霜搭配测试中，使用1次后即刻肌肤光泽改善564.64%。|セラムとリッチクリームの併用試験で、1回使用直後に肌のツヤ564.64%改善を確認。
농밀한 리치 제형|Rich texture|丰润质地|濃密な質感
피부를 감싸는 제형으로 나이트 케어에도 활용합니다.|An enveloping texture also suited to night care.|包裹肌肤的质地，也适合夜间护理。|肌を包み込む質感で、ナイトケアにも。
제주 감나무잎수 85%|85% Jeju persimmon leaf water|85%济州柿叶水|済州カキ葉水85%
정제수 대신 감나무잎수를 바탕으로 피부결을 정돈합니다.|Persimmon leaf water replaces purified water to help refine texture.|以柿叶水代替纯净水，帮助整理肌肤纹理。|精製水の代わりにカキ葉水をベースに、きめを整えます。
저자극 시험을 완료한 진정 토너입니다.|Soothing toner that has completed low-irritation testing.|完成低刺激测试的舒缓化妆水。|低刺激試験を完了した整肌トナー。
릴리프 루틴의 시작|Start the Relief routine|开启Relief护理|リリーフルーティンの始まり
앰플·크림에 앞서 수분을 채우는 첫 단계입니다.|The first hydration step before ampoule and cream.|安瓶及面霜前的第一步补水。|アンプル・クリームの前にうるおいを与える最初のステップ。
논코메도제닉 시험을 완료한 앰플입니다.|Ampoule tested as non-comedogenic.|完成非致痘测试的安瓶。|ノンコメドジェニック試験済みアンプル。
피지 분비량 29.23% 감소|29.23% less sebum|皮脂分泌减少29.23%|皮脂分泌量29.23%減少
2주 사용 시험에서 확인된 결과입니다.|Result observed in a 2-week use test.|使用2周测试中确认的结果。|2週間使用試験で確認された結果です。
피부 장벽 47.08% 개선|47.08% skin barrier improvement|肌肤屏障改善47.08%|肌バリア47.08%改善
공식몰 인체적용시험에서 2주 사용 후 피부 장벽 개선을 확인했습니다. 상단 전·후 사진에 해당하는 결과입니다.|The official store's human study reports barrier improvement after 2 weeks, corresponding to the before/after photos above.|官方商城人体测试显示使用2周后屏障改善，对应上方前后图片。|公式ストアのヒト試験で2週間後の肌バリア改善を確認。上の前後写真に対応する結果です。
진정에 각질 케어까지|Soothing & flaking care|舒缓及角质护理|整肌と角質ケア
1회 사용 직후 피부 각질 42.18% 개선을 확인했습니다.|Skin flaking improved 42.18% immediately after one use.|使用1次后即刻皮肤角质改善42.18%。|1回使用直後に肌の角質42.18%改善を確認。
보습과 수분손실 관리|Hydration & water-loss care|保湿及水分流失护理|保湿と水分蒸散ケア
보습량 증가와 경피수분손실 감소를 함께 확인했습니다.|Increased hydration and reduced transepidermal water loss were measured.|测得保湿量增加及经皮水分流失减少。|保湿量の増加と経皮水分蒸散量の減少を確認。
젤 크림·슬리핑팩|Gel cream & overnight pack|凝胶面霜及睡眠面膜|ジェルクリーム・ナイトパック
낮에는 가벼운 젤 크림, 밤에는 슬리핑팩으로 활용합니다.|Use as a light gel cream by day or an overnight pack.|白天作轻盈凝胶面霜，夜间作睡眠面膜。|日中は軽いジェルクリーム、夜はナイトパックとして。
논코메도제닉 시험을 완료한 진정 크림입니다.|Soothing cream tested as non-comedogenic.|完成非致痘测试的舒缓面霜。|ノンコメドジェニック試験済み整肌クリーム。
피지 분비량 28.95% 감소|28.95% less sebum|皮脂分泌减少28.95%|皮脂分泌量28.95%減少
즉각적 보습량 110.79% 증가|110.79% immediate hydration increase|即时保湿量增加110.79%|即時保湿量110.79%増加
공식몰 인체적용시험에서 1회 사용 직후 보습량 증가를 확인했습니다. 상단 전·후 사진에 해당하는 결과입니다.|The official store's human study reports increased hydration after one use, corresponding to the before/after photos above.|官方商城人体测试显示使用1次后即刻保湿增加，对应上方前后图片。|公式ストアのヒト試験で1回使用直後の保湿量増加を確認。上の前後写真に対応する結果です。
네 가지 성분을 한 포에|Four ingredients in one stick|四种成分汇于一条|4つの成分を1包に
PDRN·콜라겐·NMN·병풀을 함께 담아, 한 포로 간편하게 챙기는 이너뷰티 루틴입니다.|PDRN, collagen, NMN and centella in a convenient inner-beauty stick.|将PDRN、胶原蛋白、NMN及积雪草装入便捷条包。|PDRN・コラーゲン・NMN・ツボクサを手軽な1包に。
NMN 120 mg 함유|Contains 120 mg NMN|含NMN 120 mg|NMN 120 mg配合
리포좀효모추출물분말(NMN 70%)|Liposomal yeast extract powder (70% NMN)|脂质体酵母提取粉（NMN 70%）|リポソーム酵母エキス粉末（NMN 70%）
리포좀효모추출물분말(NMN 70%)을 원료로 사용합니다. 한 포에 NMN 120 mg을 담았습니다.|Uses liposomal yeast extract powder (70% NMN), providing 120 mg NMN per stick.|使用脂质体酵母提取粉（NMN 70%），每条含NMN 120 mg。|リポソーム酵母エキス粉末（NMN 70%）を使用。1包にNMN 120 mg。
물 없이, 간편한 액상 스틱|Liquid stick, no water needed|无需配水的液体条包|水なしで手軽な液体スティック
달콤한 적포도 맛. 하루 한 포, 바르는 케어와 함께하는 일상 속 루틴을 제안합니다.|Sweet red-grape flavour. One stick a day alongside topical care.|甜红葡萄味，每日一条，搭配外用护理。|甘い赤ブドウ味。1日1包、塗るケアと合わせた習慣に。
피쉬콜라겐펩타이드 · 1포당|Fish collagen peptides · Per stick|鱼胶原蛋白肽 · 每条|フィッシュコラーゲンペプチド・1包あたり
NMN 원료: 리포좀효모추출물분말(NMN 70%)|NMN source: liposomal yeast extract powder (70% NMN)|NMN原料：脂质体酵母提取粉（NMN 70%）|NMN原料：リポソーム酵母エキス粉末（NMN 70%）
원료 171.45 mg에 해당 · 1포 기준|Equivalent to 171.45 mg of raw material per stick|相当于原料171.45 mg · 每条|原料171.45 mg相当・1包あたり
시오레 공식몰 제품 안내 및 교육자료 기준 · 1포 15 g|SIORÉ official product and training materials · 15 g per stick|依据SIORÉ官方产品及培训资料 · 每条15 g|SIORÉ公式製品・教育資料に基づく・1包15 g
식품유형: 기타가공품 · 1일 1포 · HACCP|Korean food category: other processed food · 1 stick/day · HACCP|韩国食品类别：其他加工品 · 每日1条 · HACCP|韓国食品分類：その他加工品・1日1包・HACCP
