약산성|Mildly acidic|弱酸性|弱酸性
논코메도제닉 시험 완료|Non-comedogenic tested|完成非致痘测试|ノンコメドジェニック試験済み
이전 제품|Previous product|上一款产品|前の製品
다음 제품|Next product|下一款产品|次の製品
화면 설정 더보기|Display settings|显示设置|画面設定
시오레 제안서 표지 열기|Open SIORÉ cover|打开SIORÉ封面|SIORÉ表紙を開く
제안서 표지|Presentation cover|资料封面|資料表紙
제안서 메뉴|Presentation menu|资料菜单|資料メニュー
제품 상세 스펙|Product specifications|产品详细规格|製品仕様
약국에 맞게,|Designed for your pharmacy.|适合您的药房，|薬局に合わせて、
시오레가 돋보이도록.|Make SIORÉ stand out.|让SIORÉ脱颖而出。|SIORÉを引き立てる。
← 약국 지원으로|← Pharmacy support|← 药房支持|← 薬局サポート
약국·RRP 진열|Pharmacy & RRP displays|药房及RRP陈列|薬局・RRP陳列
브랜드 VMD|Brand VMD|品牌视觉陈列|ブランドVMD
실제 시오레 세팅 사례 · 공간과 진열 구성에 따라 지원 범위가 달라질 수 있습니다.|Actual SIORÉ displays. Support varies by space and layout.|SIORÉ实际陈列案例，支持范围因空间及陈列配置而异。|実際のSIORÉ設置例。スペース・陳列構成により支援範囲が異なります。
약국 진열 지원|Pharmacy display support|药房陈列支持|薬局陳列サポート
일반 RRP 진열|Standard RRP display|标准RRP陈列|一般RRP陳列
진열 사진 준비 중|Display photos coming soon|陈列照片准备中|陳列写真準備中
공급가 설정|Supply price settings|供货价设置|供給価格設定
공급가 구분|Pricing tier|供货价类别|供給価格区分
파트너|Partner|合作伙伴|パートナー
직접입력 %|Custom %|自定义 %|直接入力 %
소비자가 기준|Retail price basis|以零售价为准|小売価格基準
적용|Apply|应用|適用
파트너로 초기화|Reset to Partner|重置为合作伙伴|パートナーにリセット
소비자가 × 50%|Retail price × 50%|零售价 × 50%|小売価格 × 50%
소비자가 × 43%|Retail price × 43%|零售价 × 43%|小売価格 × 43%
1개 기준 · 모든 가격은 부가세 포함입니다.|Per unit. All prices include VAT.|每件价格，所有价格含增值税。|1個あたり。全価格はVAT込み。
단가표 이미지 저장|Save price-list image|保存价目表图片|価格表画像を保存
모바일 저장 QR|Mobile download QR|手机保存二维码|モバイル保存QR
단가표 모바일 저장|Save price list on mobile|手机保存价目表|価格表をモバイル保存
휴대폰 카메라로 QR을 스캔한 뒤|Scan the QR code with your phone, then|使用手机相机扫描二维码后，|スマートフォンでQRを読み取り、
이미지를 길게 눌러 저장하세요.|press and hold the image to save.|长按图片保存。|画像を長押しして保存。
우리 약국의 첫 SKU 구성|Your pharmacy's first product selection|药房首批产品组合|薬局の初回SKU構成
SKU 선정 가이드입니다. 실제 발주 수량과 공급 조건은 확인 후 B2B몰에서 주문합니다.|Product selection guide. Confirm quantities and supply terms before ordering through B2B.|产品选择指南。确认订货数量及供货条件后，通过B2B商城下单。|SKU選定ガイド。数量・供給条件を確認してB2Bで発注します。
수분·광채의 시작|Start with hydration & radiance|水润光泽的起点|うるおい・ツヤの始まり
산뜻한 보습 마무리|Fresh moisture finish|清爽保湿收尾|さっぱり保湿仕上げ
데일리 릴리프|Daily Relief|Daily Relief|デイリーリリーフ
마시는 PDRN|Drinkable PDRN|口服PDRN|飲むPDRN
SKU 선택|Select product|选择产品|製品を選択
제품 스펙 ↗|Product details ↗|产品规格 ↗|製品仕様 ↗
핵심 4종으로 시작|Start with four core products|从核心四款开始|主要4品からスタート
토너·세럼으로 상담을 시작하고, 고객에게 맞는 크림을 제안합니다.|Start with toner and serum, then suggest a cream suited to the customer.|从化妆水和精华开始，再推荐适合顾客的面霜。|トナー・セラムから相談を始め、お客様に合うクリームを提案。
고객에 따라 달라지는 크림 제안|Choose the cream to suit the customer|按顾客需求选择面霜|お客様に合わせたクリーム提案
리치크림은 농밀한 보습, 컴포트크림은 산뜻한 마무리. 두 크림은 피부 상태와 제형 선호에 맞춰 제안하는 선택지입니다.|Rich Cream offers rich moisture; Comfort Cream a fresh finish. Choose by skin condition and texture preference.|滋润面霜提供丰润保湿，舒适面霜清爽收尾，按肤况及质地偏好选择。|リッチクリームは濃密保湿、コンフォートクリームはさっぱり。肌状態・質感の好みで選択。
핵심 4종 모두 담기 ＋|Add all four ＋|添加全部四款 ＋|主要4品を追加 ＋
핵심 4종 선택됨 ✓|Four core products selected ✓|已选核心四款 ✓|主要4品を選択済み ✓
주요 고객의 피부 고민으로 선택|Choose by customer skin concerns|按顾客肌肤困扰选择|お客様の肌悩みで選ぶ
상담에서 함께 권할 이유가 있는 3종 구성입니다. 여러 니즈를 함께 선택할 수 있습니다.|Three-product routines with a clear purpose. Multiple needs can be selected.|各有明确作用的三件组合，可同时选择多种需求。|組み合わせの理由がある3品構成。複数のニーズを選べます。
고객 제안용 3종 소비자가 합계|Three-product retail total (KRW)|三件零售价合计（韩元）|提案3品の小売価格合計（KRW）
이 구성 담기 ＋|Add this set ＋|添加此组合 ＋|この構成を追加 ＋
3종 포함됨 ✓|Three products included ✓|已包含三款 ✓|3品を追加済み ✓
소비자가 합계는 개별 제품 가격을 합산한 상담 예시입니다. 시술 후에는 시술기관의 사용 시점·주의사항을 따릅니다.|Totals are sums of individual retail prices for consultation. After procedures, follow the provider's timing and precautions.|合计为单品零售价之和的咨询示例。术后遵循施术机构的使用时间及注意事项。|合計は個別小売価格の合算例。施術後は施術機関の使用時期・注意事項に従ってください。
전체 10종에서 추가·변경|Add or change from all 10 products|从全部10款中添加或更改|全10品から追加・変更
우리 약국에 맞는 구성을 담아주세요.|Add a set suited to your pharmacy.|添加适合药房的组合。|薬局に合う構成を追加してください。
핵심 4종이나 니즈별 구성을 선택하면|Select core products or a needs-based routine;|选择核心四款或按需求组合后，|主要4品またはニーズ別構成を選ぶと、
선정 목록이 이곳에 정리됩니다.|your selection appears here.|所选清单将显示在此处。|選定一覧がここに表示されます。
선정 SKU|Selected products|所选产品|選定SKU
종|products|款|品
다시 선택|Reset selection|重新选择|選び直す
여러 구성에 겹치는 제품은 한 번만 담습니다.|Products shared across sets are added once.|不同组合中重复的产品仅添加一次。|複数構成で重複する製品は1回のみ追加。
이 SKU로 구성 확정 →|Confirm selection →|确认产品组合 →|このSKUで確定 →
수량은 구성 확정 후 거래 조건과 함께 정합니다.|Agree quantities and terms after selecting products.|确认组合后再协商数量及交易条件。|構成確定後に数量と取引条件を決めます。
선정 목록 보관|Save selection|保存所选清单|選定一覧を保存
목록을 복사해 담당자와 공유합니다.|Copy the list to share with your contact.|复制清单并与负责人分享。|一覧をコピーして担当者と共有。
수량·공급 조건 확인|Confirm quantities & terms|确认数量及供货条件|数量・供給条件を確認
진열 공간과 초도 조건에 맞춰 수량을 정합니다.|Set quantities to fit display space and initial order terms.|根据陈列空间及首单条件确定数量。|陳列スペースと初回条件に合わせて数量を決定。
B2B몰에서 주문|Order through B2B|通过B2B商城订购|B2Bで発注
가입·승인 안내 후 주문을 진행합니다.|Order after registration and approval.|注册及审核通过后下单。|登録・承認後に注文。
선정 목록 복사|Copy selection|复制清单|選定一覧をコピー
B2B몰 열기 ↗|Open B2B store ↗|打开B2B商城 ↗|B2Bストアを開く ↗
SKU 공급단가표 확인 ↗|View supply prices ↗|查看供货价目表 ↗|SKU供給価格表を確認 ↗
선정 목록을 복사했습니다.|Selection copied.|已复制清单。|選定一覧をコピーしました。
아래 목록을 선택해 복사해 주세요.|Select and copy the list below.|请选择并复制下方清单。|下の一覧を選択してコピーしてください。
구성을 정했다면,|Once you have chosen,|确定组合后，|構成が決まったら、
첫 주문을 준비하세요.|prepare your first order.|准备首次订购。|初回注文の準備を。
제품 구성부터 정하고, 우리 약국의 첫 주문을 준비하세요.|Choose your products and prepare your pharmacy's first order.|先确定产品组合，再准备药房首单。|製品構成を決め、薬局の初回注文を準備しましょう。
어떤 구성으로 시작할까요?|Which set will you start with?|从哪种组合开始？|どの構成から始めますか？
핵심 4종 구성|Four core products|核心四款组合|主要4品構成
주력 SKU로 시작하는 약국|Start with key products|从主力产品开始|主力SKUから始める薬局
구성 보기 ↗|View set ↗|查看组合 ↗|構成を見る ↗
토너·세럼 + 피부에 맞춰 제안하는 크림 2종|Toner & serum + two cream options|化妆水及精华＋两款面霜选择|トナー・セラム＋肌に合わせるクリーム2種
니즈별 3종 구성|Three-product routines|按需求三件组合|ニーズ別3品構成
우리 약국의 주요 고객에 맞춰|Match your pharmacy's customers|适合药房主要顾客|薬局の主なお客様に合わせて
비교하기 ↗|Compare ↗|比较 ↗|比較する ↗
네 가지 상담 루틴 중 선택 · 여러 구성 조합 가능|Choose from four routines; combine sets as needed|从四种护理中选择，可组合多套|4つのルーティンから選択・複数組み合わせ可
첫 사입 SKU를 골라보세요.|Choose your first products.|请选择首批产品。|初回仕入れのSKUを選びましょう。
추천 구성에서 선택하고 제품을 추가·변경할 수 있습니다.|Start from a suggested set, then add or change products.|从推荐组合开始，可添加或更改产品。|おすすめ構成から選び、製品を追加・変更できます。
선정 목록 보기 ↗|View selection ↗|查看清单 ↗|選定一覧を見る ↗
거래 안내·서류 제출 ↗|Partnership guide & documents ↗|合作指南及文件提交 ↗|取引案内・書類提出 ↗
구성을 정했다면, 가입|Next, register your account|确定组合后，注册账号|構成が決まったら、登録へ
SKU 선정|Select products|选择产品|SKU選定
가입·거래 조건 확인|Register & confirm terms|注册及确认交易条件|登録・取引条件確認
첫 주문·진열|First order & display|首单及陈列|初回注文・陳列
선정 완료|Selection confirmed|已确认选择|選定完了
선정 중|Selecting|选择中|選定中
선정한 첫 사입 구성|Your first-order selection|所选首单组合|選定した初回仕入れ構成
구성 다시 보기|Review selection|重新查看组合|構成を見直す
선정 목록|Selection|所选清单|選定一覧
