한국어|Korean|韩语|韓国語
01 브랜드소개|01 Brand|01 品牌介绍|01 ブランド
02 대표 SKU|02 Products|02 代表产品|02 主力製品
03 SNS·인플루언서|03 Social & Creators|03 社交媒体·达人|03 SNS・クリエイター
04 약국 지원|04 Pharmacy Support|04 药房支持|04 薬局サポート
05 입점 상담|05 Partnership|05 合作咨询|05 取引相談
대표약사 고상은 · 임별|Pharmacists Go Sang-eun · Im Byeol|代表药师 Go Sang-eun · Im Byeol|代表薬剤師 Go Sang-eun · Im Byeol
약사가 설계한,|Formulated by pharmacists,|药师匠心配方，|薬剤師が設計した、
바르는 피부 영양제.|nutrition for your skin.|涂抹式肌肤营养。|塗る肌の栄養。
약국에서 만난 피부 고민, 성분의 설계로 답하다.|Ingredient-led care for skin concerns heard in pharmacies.|以成分设计回应药房中的肌肤困扰。|薬局で出会う肌悩みに、成分設計で応える。
피부를 위해 엄선한, 시오레 주요 성분.|SIORÉ ingredients, carefully selected for skin.|为肌肤精选的 SIORÉ 核心成分。|肌のために厳選した、SIORÉの主要成分。
피크노제놀|Pycnogenol|碧萝芷|ピクノジェノール
감나무잎수|Persimmon Leaf Water|柿叶水|カキ葉水
히알루론산|Hyaluronic Acid|透明质酸|ヒアルロン酸
콜라겐|Collagen|胶原蛋白|コラーゲン
알파리포산|Alpha Lipoic Acid|α-硫辛酸|α-リポ酸
글루타치온|Glutathione|谷胱甘肽|グルタチオン
카르노신|Carnosine|肌肽|カルノシン
병풀추출물|Centella Asiatica Extract|积雪草提取物|ツボクサエキス
판테놀|Panthenol|泛醇|パンテノール
펩타이드|Peptides|肽|ペプチド
시오레 제품군의 주요 성분입니다. 성분 구성·함량은 제품별로 다릅니다.|Key ingredients across SIORÉ products. Ingredients and concentrations vary by product.|SIORÉ 产品系列的主要成分。各产品的成分及含量不同。|SIORÉ製品群の主要成分です。配合・含有量は製品ごとに異なります。
시오레의 신뢰 근거|The evidence behind SIORÉ|SIORÉ 的信赖依据|SIORÉの信頼の根拠
인체적용시험|Human application studies|人体功效测试|ヒト適用試験
피부 자극지수|Skin irritation index|皮肤刺激指数|皮膚刺激指数
논코메도제닉|Non-comedogenic|非致痘性|ノンコメドジェニック
여드름성 피부 사용 적합 시험|Tested for acne-prone skin|痘痘肌适用测试|ニキビができやすい肌への使用適合試験
시오레 거래약국이 누리는 6가지 혜택|Six benefits for partner pharmacies|合作药房的六大支持|取引薬局への6つのサポート
4가지 니즈별 · 3종 판매 구성 ↗|4 needs · 3-product sets ↗|4 类需求 · 3 件组合 ↗|4つのニーズ・3品セット ↗
약국 전용|Pharmacy exclusive|药房专供|薬局専用
국내 약국 유통 전용|Exclusive to Korean pharmacies|韩国药房专属渠道|韓国国内の薬局専用流通
전문 상담을 위한|For professional consultation|专业咨询适用|専門的な相談のための
더마스킨케어|Dermocosmetics|皮肤护理|ダーマスキンケア
피부상담|Skin consultation|肌肤咨询|肌相談
피부상담 링크 제공|Skin consultation link|提供肌肤咨询链接|肌相談リンク提供
니즈별 제품 상담|Need-based product guidance|按需求推荐产品|ニーズ別の製品相談
외국어 번역 기능|Multilingual support|多语言支持|多言語対応
VMD 지원|VMD support|陈列支持|VMDサポート
제품이 돋보이는|Help products stand out|突出产品特色|製品を引き立てる
진열·안내물|Displays & information|陈列及介绍物料|陳列・案内物
AI 프로그램 지원|AI tools support|AI 工具支持|AIツール支援
네임택·POP 제작|Name tags & POP materials|制作名牌及 POP|名札・POP制作
직원 근태관리|Staff attendance management|员工考勤管理|スタッフ勤怠管理
인플루언서 지원|Creator support|达人推广支持|クリエイター支援
약국 방문 콘텐츠와|Pharmacy visit content|药房探店内容|薬局訪問コンテンツと
SNS 홍보 연결|Social media promotion|社交媒体推广|SNSプロモーション
교품·반품|Exchanges & returns|换货及退货|交換・返品
교품·반품 지원|Exchange & return support|换货及退货支持|交換・返品サポート
판매 제품으로 교품|Exchange for other products|可换为其他销售产品|販売製品への交換
또는 반품 가능|Or return eligible products|或按条件退货|または条件に応じて返品
교품·반품 적용 조건과 각 지원의 범위·일정은 거래 상담을 통해 안내합니다.|Exchange/return terms and the scope and schedule of support are explained during consultation.|换退货条件、支持范围及时间请于合作咨询时确认。|交換・返品条件と支援範囲・日程は取引相談時にご案内します。
시험 결과는 해당 제품·시험 조건에 한하며 개인차가 있습니다. 시험·인증 항목을 누르면 브랜드 자료의 근거를 확인할 수 있습니다.|Results apply to the tested products and conditions; individual results vary. Select a test or certificate to view the evidence.|结果限于对应产品及测试条件，存在个体差异。点击测试或认证查看依据。|結果は該当製品・試験条件に限り、個人差があります。試験・認証を選ぶと根拠資料を確認できます。
시험·인증 근거|Tests & certificates|测试及认证依据|試験・認証資料
시오레 대표 SKU|SIORÉ featured products|SIORÉ 代表产品|SIORÉの主力製品
4가지 니즈별 · 3종 루틴 제안 ↗|4 needs · 3-step routines ↗|4 类需求 · 3 步护理 ↗|4つのニーズ・3ステップケア ↗
클렌징 → 수분·광채 → 진정·보습|Cleanse → Hydrate & Glow → Soothe & Moisturize|洁面 → 补水提亮 → 舒缓保湿|洗浄 → 水分・ツヤ → 整肌・保湿
이너뷰티|Inner beauty|口服美容|インナービューティー
전체 라인업 보기 ↗|View all products ↗|查看全部产品 ↗|全製品を見る ↗
고객 후기 보기 ↗|View customer content ↗|查看顾客分享 ↗|お客様の投稿を見る ↗
전체 SKU|All products|全部产品|全製品
NMN 5종 · 데일리 릴리프 4종 · 이너뷰티 1종|5 NMN · 4 Daily Relief · 1 Inner Beauty|NMN 5款 · Daily Relief 4款 · 口服美容1款|NMN 5品・Daily Relief 4品・インナービューティー1品
제품을 누르면 상세 스펙이 열립니다.|Select a product for details.|点击产品查看详情。|製品を選ぶと詳細が表示されます。
← 대표 SKU로|← Featured products|← 代表产品|← 主力製品へ
광채 · 탄력 · 보습|Glow · Firmness · Moisture|光泽 · 弹力 · 保湿|ツヤ・ハリ・保湿
진정 · 보습 · 피부 밸런스|Soothing · Moisture · Balance|舒缓 · 保湿 · 肌肤平衡|整肌・保湿・肌バランス
중국·대만부터 글로벌까지,|From China and Taiwan to global audiences,|从中国大陆、台湾到全球，|中国・台湾から世界へ、
SNS로 만나는 시오레.|discover SIORÉ on social media.|在社交媒体上遇见 SIORÉ。|SNSで出会うSIORÉ。
송오브스킨부터 중국·대만까지, 다양한 채널에서 소개되는 시오레.|SIORÉ across channels, from Song Of Skin to China and Taiwan.|从 Song Of Skin 到中国大陆、台湾，多渠道介绍 SIORÉ。|Song Of Skinから中国・台湾まで、多彩なチャンネルで紹介されるSIORÉ。
송오브스킨|Song Of Skin|Song Of Skin|Song Of Skin
시오레 인스타그램 콘텐츠|SIORÉ Instagram content|SIORÉ Instagram 内容|SIORÉのInstagramコンテンツ
약|Approx.|约|約
127만|1.27 million|127万|127万人
팔로워 규모의 뷰티 채널|Beauty channel followers|美妆频道粉丝规模|ビューティーチャンネルのフォロワー規模
외부 집계 약 127만 · 2026.09.22|External estimate: 1.27M · Sep 22, 2026|外部统计约127万 · 2026.09.22|外部集計：約127万人・2026.09.22
▶ 송오브스킨 릴스 보기|▶ Watch Song Of Skin Reel|▶ 观看 Song Of Skin 短视频|▶ Song Of Skinのリールを見る
국기 배지: 채널·캠페인 시장 또는 제작자 활동 지역 기준 · 사진 후기와 영상을 함께 소개합니다.|Flags indicate channel/campaign markets or creator activity regions. Includes photo posts and videos.|旗帜表示频道、活动市场或创作者活动地区，含图片分享及视频。|国旗はチャンネル・キャンペーン市場または活動地域を示します。写真投稿と動画を掲載しています。
국내 약국의 전문 상담이 판매로 이어지도록.|Helping Korean pharmacies turn consultation into sales.|助力韩国药房将专业咨询转化为销售。|韓国の薬局での専門相談を販売につなげるために。
입점 이후에도, 시오레가 함께합니다.|SIORÉ supports you beyond your first order.|合作之后，SIORÉ 持续支持。|取引開始後も、SIORÉがサポートします。
약국의 전문 상담과 판매를 위한 스킨케어 브랜드.|Skincare for professional pharmacy consultation and sales.|为药房专业咨询与销售打造的护肤品牌。|薬局での専門相談と販売のためのスキンケアブランド。
상담 · 홍보 · 운영 · 진열을 함께 지원합니다.|Support for consultation, promotion, operations and displays.|支持咨询、推广、运营及陈列。|相談・宣伝・運営・陳列をサポート。
고객과 상담을 연결|Connect customers with advice|连接顾客与专业咨询|お客様と相談をつなぐ
피부상담 링크|Skin consultation link|肌肤咨询链接|肌相談リンク
피부 고민에 맞는 제품 상담부터|From products for each skin concern|从肌肤需求对应的产品咨询|肌悩みに合わせた製品相談から
외국어 번역을 통한 고객 응대까지.|To multilingual customer service.|到多语言顾客服务。|多言語でのお客様対応まで。
피부 고민 확인|Identify skin concerns|了解肌肤困扰|肌悩みを確認
링크·QR 공유|Share link / QR|分享链接 / 二维码|リンク・QR共有
피부상담 열기|Open skin consultation|打开肌肤咨询|肌相談を開く
링크 복사|Copy link|复制链接|リンクをコピー
부산 블루랩약국 · 실제 방문 콘텐츠 ↗|Busan Blue Lab Pharmacy · Visit content ↗|釜山 Blue Lab 药房 · 实际探店 ↗|釜山Blue Lab薬局・訪問コンテンツ ↗
인플루언서 파견|Creator visits|达人探店|クリエイター訪問
부산 블루랩약국에서 만난 시오레.|SIORÉ at Blue Lab Pharmacy, Busan.|在釜山 Blue Lab 药房遇见 SIORÉ。|釜山Blue Lab薬局で出会うSIORÉ。
약국 방문을 SNS 후기로 연결합니다.|Turn pharmacy visits into social content.|将药房探店连接至社交媒体分享。|薬局訪問をSNS投稿につなげます。
약국 방문·촬영|Pharmacy visits & shoots|药房探店及拍摄|薬局訪問・撮影
중화권 SNS 후기|Chinese-language social posts|中文圈社交媒体分享|中華圏のSNS投稿
인플루언서 요청하기|Request a creator visit|申请达人探店|クリエイター訪問を依頼
반복 업무는 더 간편하게|Simplify routine work|简化重复工作|日常業務をもっと簡単に
일정 · 출퇴근|Schedules & attendance|排班及考勤|予定・出退勤
월|Mon|周一|月
화|Tue|周二|火
수|Wed|周三|水
목|Thu|周四|木
금|Fri|周五|金
근무 일정|Work schedule|工作排班|勤務予定
출퇴근 기록 ✓|Attendance log ✓|考勤记录 ✓|出退勤記録 ✓
무료 제공|Free|免费提供|無料提供
AI 약국 운영 지원|AI pharmacy tools|AI 药房运营支持|AI薬局運営支援
네임택·POP는 빠르게 제작하고|Create name tags and POP quickly|快速制作名牌及 POP|名札・POPを素早く制作し、
직원 일정·출퇴근을 한눈에 관리하세요.|Manage schedules and attendance at a glance.|一目了然管理员工排班及考勤。|スタッフの予定・出退勤を一目で管理。
네임택·POP 무료 제작|Free name tag & POP creation|免费制作名牌及 POP|名札・POP無料制作
AI 프로그램 열기|Open AI tools|打开 AI 工具|AIツールを開く
상담과 선택을 돕는 제품 진열 ↗|Displays supporting advice & choice ↗|帮助咨询与选择的产品陈列 ↗|相談と選択を助ける製品陳列 ↗
약국 VMD 지원|Pharmacy display support|药房陈列支持|薬局VMDサポート
제품의 특징이 한눈에 보이도록.|Show product features at a glance.|一目了然展现产品特点。|製品の特長を一目で。
진열과 안내물로 상담·판매를 돕습니다.|Displays and materials support consultation and sales.|以陈列及资料帮助咨询与销售。|陳列と案内物で相談・販売を支援。
제품 진열|Product displays|产品陈列|製品陳列
브랜드 집기·안내물|Branded fixtures & materials|品牌展具及资料|ブランド什器・案内物
진열 사진 보기|View display photos|查看陈列照片|陳列写真を見る
지원 문의|Ask about support|咨询支持|サポート相談
인플루언서 파견 및 VMD 지원 범위와 일정은 약국별 상담을 통해 안내합니다.|Creator visits and display support vary; scope and timing are agreed with each pharmacy.|达人探店及陈列支持范围、时间请与负责人确认。|訪問・VMD支援の範囲と日程は薬局ごとにご案内します。
이제, 우리 약국에 맞는|Find the right SIORÉ range|为您的药房选择|薬局に合った
시오레를 시작하세요.|for your pharmacy.|合适的 SIORÉ 产品。|SIORÉを始めましょう。
약국 전용 제품 · 니즈별 판매 구성 · 입점 이후의 운영 지원까지.|Pharmacy-exclusive products, need-based sets and ongoing support.|药房专供产品、需求组合及持续运营支持。|薬局専用製品・ニーズ別構成・取引開始後の運営支援。
약사가 설계한 제품|Pharmacist-formulated products|药师设计产品|薬剤師設計の製品
4가지 니즈 · 3종 루틴|4 needs · 3-step routines|4 类需求 · 3 步护理|4つのニーズ・3ステップ
판매·운영 지원|Sales & operations support|销售及运营支持|販売・運営支援
신규 입점, 이렇게 함께 준비합니다.|Start your partnership in four steps.|四步开启合作。|取引開始までの4ステップ。
B2B 회원가입|Register for B2B|注册 B2B 账户|B2B会員登録
오른쪽 QR로 접속해 약국 정보를 등록합니다.|Scan the QR code and register your pharmacy.|扫描二维码，登记药房信息。|QRコードから薬局情報を登録。
거래 조건·초도 구성 확인|Confirm terms & first order|确认交易条件及首批产品|取引条件・初回構成を確認
공급가·교품·반품 조건을 확인하고, 상권에 맞는 제품과 수량을 정합니다.|Review supply prices and exchange/return terms, then select products and quantities for your market.|确认供货价、换退货条件，按商圈选择产品及数量。|供給価格・交換返品条件を確認し、商圏に合う製品と数量を選びます。
첫 주문·진열 준비|First order & display setup|首次订购及陈列准备|初回注文・陳列準備
B2B몰에서 주문하고, 제품 입고와 진열 구성을 준비합니다.|Order through the B2B store and prepare stock and displays.|在 B2B 商城订购，准备收货及陈列。|B2Bストアで注文し、入荷と陳列を準備。
상담·판매 운영 시작|Start consultation & sales|开始咨询及销售|相談・販売を開始
피부상담·AI·VMD·인플루언서 지원을 약국에 맞게 연결합니다.|Connect consultation, AI, VMD and creator support to your pharmacy.|根据药房需求连接咨询、AI、陈列及达人支持。|薬局に合わせて肌相談・AI・VMD・クリエイター支援を活用。
SKU 공급단가표 ↗|Supply price list ↗|供货价目表 ↗|供給価格表 ↗
초도 구성 참고하기 ↗|First-order guide ↗|首批选品指南 ↗|初回構成ガイド ↗
현장에서 바로 가입|Register now|立即注册|その場で登録
휴대폰 카메라로 QR 스캔|Scan QR with your camera|使用手机扫描二维码|スマホでQRをスキャン
B2B몰 → 회원가입|B2B store → Register|B2B 商城 → 注册|B2Bストア → 会員登録
B2B몰 열기 ↗|Open B2B store ↗|打开 B2B 商城 ↗|B2Bストアを開く ↗
입점 담당자|Partnership contact|合作负责人|取引担当者
입점이 끝이 아니라, 약국에서 판매가 이어지도록 함께합니다.|Our support continues to help your pharmacy sell.|合作只是起点，我们持续支持药房销售。|取引開始後も、薬局での販売を支援します。
자동 넘김|Auto advance|自动翻页|自動送り
자동 넘김 중지|Stop auto advance|停止自动翻页|自動送り停止
전체 화면|Full screen|全屏|全画面
다음 →|Next →|下一页 →|次へ →
닫기 ×|Close ×|关闭 ×|閉じる ×
소개 시작 →|Start presentation →|开始介绍 →|紹介を始める →
다크|Dark|深色|ダーク
라이트|Light|浅色|ライト
설정 ⚙|Settings ⚙|设置 ⚙|設定 ⚙
제품 스펙 보기 ↗|Product details ↗|产品详情 ↗|製品詳細 ↗
클렌저|Cleanser|洁面|クレンザー
토너|Toner|化妆水|トナー
수딩젤|Soothing Gel|舒缓凝胶|スージングジェル
세안 후 당김이 고민이라면|For tight-feeling skin after cleansing|洁面后紧绷时|洗顔後のつっぱり感に
수분과 광채가 필요하다면|For hydration and glow|需要水润与光泽时|水分とツヤが欲しいときに
열감·각질이 고민이라면|For heat and roughness concerns|有热感及粗糙困扰时|熱感・ざらつきが気になるときに
먹는 이너뷰티도 함께 찾는다면|Add inner beauty to your routine|想搭配口服美容时|インナービューティーも取り入れたいときに
하이드로 캡슐 클렌징밀크|Hydro Capsule Cleansing Milk|水润胶囊洁面乳|ハイドロカプセルクレンジングミルク
프레쉬 버블토너|Fresh Bubble Toner|清新泡泡化妆水|フレッシュバブルトナー
카밍 수딩젤|Calming Soothing Gel|舒缓凝胶|カーミングスージングジェル
마시는 PDRN 200|Drinkable PDRN 200|口服 PDRN 200|飲むPDRN 200
PDRN + 콜라겐 + NMN + 병풀 · 한 포에|PDRN + Collagen + NMN + Centella · In one stick|一袋含 PDRN + 胶原蛋白 + NMN + 积雪草|PDRN＋コラーゲン＋NMN＋ツボクサを1包に
사진 후기|Photo post|图文分享|写真投稿
▶ 영상|▶ Video|▶ 视频|▶ 動画
중국 · 샤오홍슈|China · REDnote|中国 · 小红书|中国・REDnote
대만 · 공식 채널|Taiwan · Official|台湾 · 官方频道|台湾・公式チャンネル
한국 · 약사|Korea · Pharmacist|韩国 · 药师|韓国・薬剤師
캐나다 · 활동|Canada-based creator|加拿大活动创作者|カナダで活動
중국어 · REDnote|Chinese · REDnote|中文 · 小红书|中国語・REDnote
번체 중국어 · Instagram|Traditional Chinese · Instagram|繁体中文 · Instagram|繁体中国語・Instagram
영어 · TikTok|English · TikTok|英语 · TikTok|英語・TikTok
프랑스어 · TikTok|French · TikTok|法语 · TikTok|フランス語・TikTok
블루랩 약국 방문 후기|Blue Lab Pharmacy visit|Blue Lab 药房探店|Blue Lab薬局訪問
부산 여행 · 시오레 후기|Busan trip · SIORÉ review|釜山旅行 · SIORÉ 分享|釜山旅行・SIORÉレビュー
대만 공식 · 버블토너|Taiwan official · Bubble Toner|台湾官方 · 泡泡化妆水|台湾公式・バブルトナー
대만 공식 · 카밍 수딩젤|Taiwan official · Soothing Gel|台湾官方 · 舒缓凝胶|台湾公式・スージングジェル
약사의 제품 소개|A pharmacist's introduction|药师产品介绍|薬剤師による製品紹介
세럼 소개 콘텐츠|Serum introduction|精华介绍|セラム紹介
세럼 사용 장면|Serum in use|精华使用展示|セラムの使用シーン
글로벌 제품 리뷰|Global product review|全球产品分享|グローバル製品レビュー
← 이전 제품|← Previous product|← 上一款|← 前の製品
다음 제품 →|Next product →|下一款 →|次の製品 →
시험 결과는 해당 제품·시험 조건에 한하며 개인차가 있습니다.|Results apply to the tested product and conditions. Individual results vary.|结果限于对应产品及测试条件，存在个体差异。|結果は該当製品・試験条件に限り、個人差があります。
제품명|Product|产品名|製品名
용량|Size|容量|容量
소비자가|Retail price (KRW)|零售价（韩元）|希望小売価格（KRW）
공급가|Supply price (KRW)|供货价（韩元）|供給価格（KRW）
약국 판매하한가|Minimum pharmacy price (KRW)|药房最低售价（韩元）|薬局販売下限価格（KRW）
SKU 공급단가표|Supply price list|供货价目表|供給価格表
링크 복사 완료|Link copied|链接已复制|リンクをコピーしました
복사 완료|Copied|已复制|コピーしました
NMN 하이드로 캡슐 클렌징 밀크|NMN Hydro Capsule Cleansing Milk|NMN 水润胶囊洁面乳|NMNハイドロカプセルクレンジングミルク
NMN 프레쉬 버블 토너|NMN Fresh Bubble Toner|NMN 清新泡泡化妆水|NMNフレッシュバブルトナー
NMN 인텐시브 세럼|NMN Intensive Serum|NMN 密集精华|NMNインテンシブセラム
NMN 하이드레이팅 수딩 크림|NMN Hydrating Soothing Cream|NMN 水润舒缓面霜|NMNハイドレーティングスージングクリーム
NMN 딥 글로우 리치 크림|NMN Deep Glow Rich Cream|NMN 深润光泽面霜|NMNディープグロウリッチクリーム
데일리 릴리프 에센스 토너|Daily Relief Essence Toner|Daily Relief 精华水|デイリーリリーフエッセンストナー
데일리 릴리프 리페어 앰플|Daily Relief Repair Ampoule|Daily Relief 修护安瓶|デイリーリリーフリペアアンプル
데일리 릴리프 카밍 수딩 젤|Daily Relief Calming Soothing Gel|Daily Relief 舒缓凝胶|デイリーリリーフカーミングスージングジェル
데일리 릴리프 컴포트 크림|Daily Relief Comfort Cream|Daily Relief 舒适保湿面霜|デイリーリリーフコンフォートクリーム
마시는 PDRN 200 어드밴스드|Drinkable PDRN 200 Advanced|口服 PDRN 200 Advanced|飲むPDRN 200アドバンスド
세럼|Serum|精华|セラム
크림|Cream|面霜|クリーム
앰플|Ampoule|安瓶|アンプル
버블토너|Bubble Toner|泡泡化妆水|バブルトナー
리치크림|Rich Cream|滋润面霜|リッチクリーム
수딩크림|Soothing Cream|舒缓面霜|スージングクリーム
에센스토너|Essence Toner|精华水|エッセンストナー
리페어앰플|Repair Ampoule|修护安瓶|リペアアンプル
컴포트크림|Comfort Cream|舒适面霜|コンフォートクリーム
클렌징밀크|Cleansing Milk|洁面乳|クレンジングミルク
피부 광채 개선|Skin radiance improvement|肌肤光泽改善|肌のツヤ改善
피부 수분량 증가|Skin hydration increase|肌肤水分增加|肌水分量の増加
피부결(거칠기) 개선|Skin texture improvement|肌肤粗糙改善|肌のきめ（粗さ）改善
메이크업 세정 효과|Makeup cleansing effect|卸妆效果|メイク洗浄効果
노폐물 세정 효과|Impurity cleansing effect|污垢清洁效果|汚れの洗浄効果
미세먼지 세정 효과|Fine-dust cleansing effect|细微粉尘清洁效果|微細粉塵の洗浄効果
1회 사용 직후|Immediately after one use|使用1次后即刻|1回使用直後
1회 직후 · 물세정 대비|After one use · versus water cleansing|使用1次后 · 与清水洗净比较|1回使用直後・水洗浄との比較
주요 성분|Key ingredients|主要成分|主要成分
사용 방법|How to use|使用方法|使用方法
추천 고객|Recommended for|适合人群|おすすめのお客様
제형|Texture|质地|テクスチャー
임상 결과|Study results|测试结果|試験結果
피부 장벽 개선|Skin barrier improvement|肌肤屏障改善|肌バリア改善
안티에이징|Age care|抗老护理|エイジングケア
시술 후 · 진정 회복|Post-procedure · Soothing care|术后 · 舒缓护理|施術後・整肌ケア
여드름성 · 트러블 피부|Acne-prone skin|痘痘肌|ニキビができやすい肌
열감 · 홍조 피부|Heat & redness concerns|热感及泛红困扰|熱感・赤みが気になる肌
기본 3종 · 소비자가 합계|3-product set · Retail total (KRW)|3件组合 · 零售价合计（韩元）|基本3品・小売価格合計（KRW）
원|KRW|韩元|KRW
영상 재생|Play video|播放视频|動画再生
원본 영상 열기 ↗|Open original video ↗|打开原视频 ↗|元の動画を開く ↗
원본 후기 열기 ↗|Open original post ↗|打开原帖 ↗|元の投稿を開く ↗
원본 플랫폼에서 로그인이나 앱 실행이 필요할 수 있습니다.|The original platform may require login or its app.|原平台可能需要登录或打开应用。|元のプラットフォームでログインやアプリが必要な場合があります。
사진으로 구성된 실제 방문 후기입니다.|An actual visit documented in photos.|实际探店图文分享。|実際の訪問を記録した写真投稿です。
피크노제놀 · 감나무잎수 · 히알루론산 · 콜라겐 · PDRN|Pycnogenol · Persimmon Leaf Water · Hyaluronic Acid · Collagen · PDRN|碧萝芷 · 柿叶水 · 透明质酸 · 胶原蛋白 · PDRN|ピクノジェノール・カキ葉水・ヒアルロン酸・コラーゲン・PDRN
